[
{
    "model": "main.blogcategory",
    "pk": 1,
    "fields": {
        "category_name": "╤яюЁЄ",
        "slug": "sport",
        "category_photo": ""
    }
},
{
    "model": "main.blogcategory",
    "pk": 2,
    "fields": {
        "category_name": "╚эЇюЁьрЎшюээ√х Єхїэюыюушш",
        "slug": "informacionnye-tehnologii",
        "category_photo": "projets.jpg"
    }
},
{
    "model": "main.blogcategory",
    "pk": 3,
    "fields": {
        "category_name": "╬Єф√ї ш яєЄх°хёЄтш ",
        "slug": "otdyh-i-puteshestviya",
        "category_photo": ""
    }
},
{
    "model": "main.blogcategory",
    "pk": 4,
    "fields": {
        "category_name": "╧юышЄшър",
        "slug": "politika",
        "category_photo": ""
    }
},
{
    "model": "main.blogcategory",
    "pk": 5,
    "fields": {
        "category_name": "╨рсюЄр",
        "slug": "rabota",
        "category_photo": ""
    }
},
{
    "model": "main.blogcategory",
    "pk": 8,
    "fields": {
        "category_name": "╬сЁрчютрэшх",
        "slug": "obrazovanie",
        "category_photo": ""
    }
},
{
    "model": "main.blogcategory",
    "pk": 9,
    "fields": {
        "category_name": "═хфтшцшьюёЄ№",
        "slug": "nedvizhimost",
        "category_photo": ""
    }
},
{
    "model": "main.blogcategory",
    "pk": 10,
    "fields": {
        "category_name": "╞штюЄэ√х",
        "slug": "zhivotnye",
        "category_photo": "jvtnbljk.jpg"
    }
},
{
    "model": "main.blogcategory",
    "pk": 11,
    "fields": {
        "category_name": "─шчрщэ",
        "slug": "dizajn",
        "category_photo": "Dizajn.jpg"
    }
},
{
    "model": "main.subcategory",
    "pk": 2,
    "fields": {
        "category": 2,
        "sub_category_name": "╧ЁюуЁрььшЁютрэшх Python",
        "slug": "python"
    }
},
{
    "model": "main.subcategory",
    "pk": 3,
    "fields": {
        "category": 2,
        "sub_category_name": "╧ЁюуЁрььшЁютрэшх JavaScript",
        "slug": "javascript"
    }
},
{
    "model": "main.subcategory",
    "pk": 6,
    "fields": {
        "category": 2,
        "sub_category_name": "└эрышч ─рээ√ї",
        "slug": "analyz-dannih"
    }
},
{
    "model": "main.subcategory",
    "pk": 7,
    "fields": {
        "category": 2,
        "sub_category_name": "╧ЁюуЁрььшЁютрэшх Java",
        "slug": "java"
    }
},
{
    "model": "main.subcategory",
    "pk": 18,
    "fields": {
        "category": 4,
        "sub_category_name": "╧ЁхчшфхэЄёъшх т√сюЁ√ ╨╘",
        "slug": "prezidentskie-vybory-rf"
    }
},
{
    "model": "main.subcategory",
    "pk": 19,
    "fields": {
        "category": 2,
        "sub_category_name": "╧ЁюуЁрььшЁютрэшх C++",
        "slug": "programmirovanie-c"
    }
},
{
    "model": "main.subcategory",
    "pk": 20,
    "fields": {
        "category": 2,
        "sub_category_name": "╧ЁюуЁрььшЁютрэшх C#",
        "slug": "programmirovanie-c-sharp"
    }
},
{
    "model": "main.subcategory",
    "pk": 24,
    "fields": {
        "category": 10,
        "sub_category_name": "─шъшх цштюЄэ√х",
        "slug": "dikie-zhivotnye"
    }
},
{
    "model": "main.subcategory",
    "pk": 25,
    "fields": {
        "category": 10,
        "sub_category_name": "─юьр°эшх цштюЄэ√х",
        "slug": "domashnie-zhivotnye"
    }
},
{
    "model": "account.country",
    "pk": 1,
    "fields": {
        "country": "╨юёёш "
    }
},
{
    "model": "account.country",
    "pk": 2,
    "fields": {
        "country": "┴хыюЁєёёш "
    }
},
{
    "model": "account.country",
    "pk": 3,
    "fields": {
        "country": "╙ъЁршэр"
    }
},
{
    "model": "account.country",
    "pk": 4,
    "fields": {
        "country": "╩рчрїёЄрэ"
    }
},
{
    "model": "account.country",
    "pk": 5,
    "fields": {
        "country": "└Ёьхэш "
    }
},
{
    "model": "account.country",
    "pk": 6,
    "fields": {
        "country": "└чхЁсрщфцрэ"
    }
},
{
    "model": "account.gender",
    "pk": 1,
    "fields": {
        "gender": "╠єцўшэр"
    }
},
{
    "model": "account.gender",
    "pk": 2,
    "fields": {
        "gender": "╞хэ∙шэр"
    }
},
{
    "model": "account.gender",
    "pk": 3,
    "fields": {
        "gender": "─Ёєуюх"
    }
},
{
    "model": "account.author",
    "pk": 1,
    "fields": {
        "password": "pbkdf2_sha256$600000$sLFoSYUEy28pg9JlghuRap$ebbDiJCCRk7HFxeGTaG+vy3JstyxyDSTWnjJT0QX3lE=",
        "last_login": "2023-04-28T12:22:30.163Z",
        "is_superuser": true,
        "email": "mishabur38@gmail.com",
        "user_name": "RRoxxxsii",
        "mobile": "89086469507",
        "gender": 1,
        "profile_photo": "",
        "profile_information": "Python backend developer",
        "country": 1,
        "telegram_link": "https://t.me/RRoxxxsii",
        "city": "╚ЁъєЄёъ",
        "is_active": true,
        "is_staff": true,
        "created": "2023-04-14T14:34:24.339Z",
        "updated": "2023-04-28T13:30:03.720Z",
        "groups": [],
        "user_permissions": [],
        "following": []
    }
},
{
    "model": "account.author",
    "pk": 4,
    "fields": {
        "password": "pbkdf2_sha256$600000$cqo6FJeBXOsKiRFkVnjpUF$8oLCFA5M+oudxTc4VhAZxnpCE1dLgSu0yhaFRSbuqwY=",
        "last_login": "2023-04-17T06:50:23.741Z",
        "is_superuser": false,
        "email": "misha@yandex.ru",
        "user_name": "misha",
        "mobile": "",
        "gender": null,
        "profile_photo": "",
        "profile_information": "",
        "country": null,
        "telegram_link": "",
        "city": null,
        "is_active": true,
        "is_staff": false,
        "created": "2023-04-17T06:50:19.699Z",
        "updated": "2023-04-28T13:26:13.128Z",
        "groups": [],
        "user_permissions": [],
        "following": []
    }
},
{
    "model": "account.author",
    "pk": 6,
    "fields": {
        "password": "pbkdf2_sha256$600000$G8ymbBnjQjtagla5AKlJnK$OXynDPuoaCmTrD2fP9dg2JiDIkb7/S7W+lCh2kc0F0Y=",
        "last_login": "2023-04-28T11:03:12.560Z",
        "is_superuser": false,
        "email": "a@a.ru",
        "user_name": "slava",
        "mobile": "",
        "gender": null,
        "profile_photo": "",
        "profile_information": "",
        "country": null,
        "telegram_link": "",
        "city": null,
        "is_active": true,
        "is_staff": false,
        "created": "2023-04-17T07:03:43.309Z",
        "updated": "2023-04-28T13:25:05.662Z",
        "groups": [],
        "user_permissions": [],
        "following": []
    }
},
{
    "model": "account.author",
    "pk": 7,
    "fields": {
        "password": "pbkdf2_sha256$600000$RP1B3Lvkg3Mp9su8Ltdl42$ubu/EmHULJEqLjdwFgw3YyjtyduTZKJY09GC+OKu22o=",
        "last_login": "2023-04-27T06:32:03.217Z",
        "is_superuser": false,
        "email": "lera@gmail.com",
        "user_name": "lera",
        "mobile": "89086469507",
        "gender": null,
        "profile_photo": "",
        "profile_information": "Hmmmmm....",
        "country": null,
        "telegram_link": "https://t.me/mishkapiska",
        "city": null,
        "is_active": true,
        "is_staff": false,
        "created": "2023-04-17T07:04:15.071Z",
        "updated": "2023-04-28T13:29:37.030Z",
        "groups": [],
        "user_permissions": [],
        "following": []
    }
},
{
    "model": "account.author",
    "pk": 8,
    "fields": {
        "password": "pbkdf2_sha256$600000$fRTAOlcUg4NSDs2FqbjYHl$V7/xqv5hLPwSuXSay+PqFUpb6iK0gzGHC1d7tajP8Os=",
        "last_login": "2023-04-17T07:04:51.394Z",
        "is_superuser": false,
        "email": "homer@gmail.com",
        "user_name": "homer",
        "mobile": "",
        "gender": null,
        "profile_photo": "",
        "profile_information": "",
        "country": null,
        "telegram_link": "",
        "city": null,
        "is_active": true,
        "is_staff": false,
        "created": "2023-04-17T07:04:47.759Z",
        "updated": "2023-04-27T16:04:10.210Z",
        "groups": [],
        "user_permissions": [],
        "following": []
    }
},
{
    "model": "account.author",
    "pk": 9,
    "fields": {
        "password": "pbkdf2_sha256$600000$RBDmTn6uFZ7gex1wZYOwjc$di51FDwjfbP2pr7fL2CNk/gs1f8SnnY9Y8b2kYZCR6Q=",
        "last_login": "2023-04-27T07:32:51.578Z",
        "is_superuser": false,
        "email": "miha38@gmail.com",
        "user_name": "Miha",
        "mobile": "",
        "gender": null,
        "profile_photo": "",
        "profile_information": "",
        "country": null,
        "telegram_link": "",
        "city": null,
        "is_active": true,
        "is_staff": false,
        "created": "2023-04-17T07:05:48.179Z",
        "updated": "2023-04-28T11:02:55.680Z",
        "groups": [],
        "user_permissions": [],
        "following": []
    }
},
{
    "model": "account.author",
    "pk": 10,
    "fields": {
        "password": "pbkdf2_sha256$600000$8N7tIWpflfCrsiwipobp5t$KkOUl3SsUdr8w0fWEr6MmYHOZfsMhhzg/HUhxWSx+Os=",
        "last_login": "2023-04-17T07:08:58.012Z",
        "is_superuser": false,
        "email": "bronya@gmail.com",
        "user_name": "bronya",
        "mobile": "",
        "gender": null,
        "profile_photo": "",
        "profile_information": "",
        "country": null,
        "telegram_link": "",
        "city": null,
        "is_active": true,
        "is_staff": false,
        "created": "2023-04-17T07:08:52.700Z",
        "updated": "2023-04-27T16:27:31.332Z",
        "groups": [],
        "user_permissions": [],
        "following": []
    }
},
{
    "model": "account.author",
    "pk": 11,
    "fields": {
        "password": "pbkdf2_sha256$600000$0PIcmx3meZxFwM91194cbo$hOxc4xdvNvQ696/2XMhOYcRO+iLu8hhoNLA3A8WZoAE=",
        "last_login": "2023-04-27T06:32:54.094Z",
        "is_superuser": false,
        "email": "noob@a.ru",
        "user_name": "noob",
        "mobile": "",
        "gender": null,
        "profile_photo": "",
        "profile_information": "",
        "country": null,
        "telegram_link": "",
        "city": null,
        "is_active": true,
        "is_staff": false,
        "created": "2023-04-26T14:05:47.581Z",
        "updated": "2023-04-28T13:30:03.704Z",
        "groups": [],
        "user_permissions": [],
        "following": []
    }
},
{
    "model": "main.post",
    "pk": 4,
    "fields": {
        "category": 2,
        "author": [
            "misha@yandex.ru"
        ],
        "title": "─єьр■, ъръющ ъєЁё ыєў°х ъєяшЄ№...",
        "text": "╙ ьхэ  яры т√сюЁ эр ъєЁё√ юЄ Skillbox, эю эрёъюы№ъю   ёы√°ры є эшї яыюїшх ъєЁё√. ═хъюЄюЁ√х фЁєч№  ёютхЄє■Є ▀эфхъё ╧ЁръЄшъєь, эхъюЄюЁ√х уютюЁ Є, ўЄю ьэх ыєў°х чрэшьрЄ№ё  ёрьшь... ╥шя тёх ъєЁё√ юЄёЄющ. ╫Єю цх фхырЄ№?",
        "created_at": "2023-04-20T11:54:03.005Z",
        "updated_at": "2023-04-23T08:03:41.409Z",
        "is_published": true
    }
},
{
    "model": "main.post",
    "pk": 5,
    "fields": {
        "category": 3,
        "author": [
            "homer@gmail.com"
        ],
        "title": "╒юўє эрєўшЄ№ё  ъюфшЄ№ эр JS",
        "text": "╨хс Є, яюёютхЄєщЄх ышЄхЁрЄєЁє шыш ъєЁё√ фы  юсєўхэш  JavaScript, ЁрёёьрЄЁштр■ Frontend т фры№эхщ°хь.",
        "created_at": "2023-04-20T11:57:47.970Z",
        "updated_at": "2023-04-20T11:57:47.970Z",
        "is_published": true
    }
},
{
    "model": "main.post",
    "pk": 8,
    "fields": {
        "category": 25,
        "author": [
            "mishabur38@gmail.com"
        ],
        "title": "╒юўє чртхёЄш яюяєур ",
        "text": "┬ёхь фюсЁ√щ фхэ№.  ╧юфёърцшЄх яюцрыєщёЄр,   тюЄ їюўє чртхёЄш яюяєурщўшър ш эх чэр■, эрёъюы№ъю ёыюцэю хую ёюфхЁцрЄ№, фєьр■, ўЄю яюяєурщўшъ сєфхЄ юс√ўэ√щ, тюыэшёЄ√щ. ─юЁюую ыш ¤Єю тююс∙х?\r\n",
        "created_at": "2023-04-21T13:29:16.561Z",
        "updated_at": "2023-04-23T17:29:47.857Z",
        "is_published": true
    }
},
{
    "model": "main.post",
    "pk": 44,
    "fields": {
        "category": 7,
        "author": [
            "mishabur38@gmail.com"
        ],
        "title": "╒юўє эрєўшЄ№ё  яЁюуЁрььшЁютрЄ№ эр Java",
        "text": "████",
        "created_at": "2023-04-23T14:21:50.077Z",
        "updated_at": "2023-04-23T14:21:50.079Z",
        "is_published": true
    }
},
{
    "model": "main.post",
    "pk": 45,
    "fields": {
        "category": 7,
        "author": [
            "mishabur38@gmail.com"
        ],
        "title": "╒юўє эрєўшЄ№ё  яЁюуЁрььяЇя√яЇшЁютрЄ№ эр Java",
        "text": "████яЇ√яЇ√",
        "created_at": "2023-04-23T14:22:11.772Z",
        "updated_at": "2023-04-23T14:22:11.772Z",
        "is_published": true
    }
},
{
    "model": "main.post",
    "pk": 46,
    "fields": {
        "category": 6,
        "author": [
            "mishabur38@gmail.com"
        ],
        "title": "st",
        "text": "taat",
        "created_at": "2023-04-23T15:16:51.441Z",
        "updated_at": "2023-04-23T15:16:51.441Z",
        "is_published": true
    }
},
{
    "model": "main.post",
    "pk": 52,
    "fields": {
        "category": 2,
        "author": [
            "mishabur38@gmail.com"
        ],
        "title": "═є ўЄю, Ёхс Є, тёхь яЁштхЄ. ╧юфёърцшЄх шфх■ фы  ёрщЄр эр Django, яц xd",
        "text": "",
        "created_at": "2023-04-24T07:18:16.919Z",
        "updated_at": "2023-04-24T07:18:16.919Z",
        "is_published": true
    }
},
{
    "model": "main.post",
    "pk": 54,
    "fields": {
        "category": 2,
        "author": [
            "mishabur38@gmail.com"
        ],
        "title": "╥√ яЁрт фЁєу",
        "text": "misha, эє   ёўшЄр■ ўЄю Є√ яЁрт, тхЁэхх,   т ¤Єюь єтхЁхэ. ═рёъюы№ъю   ёрь чэр■, эр ъєЁёрї яЁхяюфртрЄхы ьш  ты ■Єё , ъръ яЁртшыю, эх яЁръЄшъє■∙шх яЁюухЁ√ ё ьэюуюыхЄэшь юя√Єюь ъюььхЁўхёъющ ЁрчЁрсюЄъш, р ёрьш т√яєёъэшъш ¤Єшї ъєЁёют, Єръ ўЄю, фєьр■, тёх яюэ Єэю",
        "created_at": "2023-04-24T08:09:04.933Z",
        "updated_at": "2023-04-24T08:09:04.933Z",
        "is_published": true
    }
},
{
    "model": "main.post",
    "pk": 55,
    "fields": {
        "category": 2,
        "author": [
            "mishabur38@gmail.com"
        ],
        "title": "╨рэфюьэ√щ ЄхъёЄ",
        "text": "╨рэфюьэ√щ ЄхъёЄ ╨рэфюьэ√щ ЄхъёЄ ╨рэфюьэ√щ ЄхъёЄ ╨рэфюьэ√щ ЄхъёЄ ╨рэфюьэ√щ ЄхъёЄ ╨рэфюьэ√щ ЄхъёЄ ╨рэфюьэ√щ ЄхъёЄ ╨рэфюьэ√щ ЄхъёЄ",
        "created_at": "2023-04-24T08:12:45.163Z",
        "updated_at": "2023-04-24T08:12:45.163Z",
        "is_published": true
    }
},
{
    "model": "main.post",
    "pk": 56,
    "fields": {
        "category": 2,
        "author": [
            "mishabur38@gmail.com"
        ],
        "title": "╨рэфюьэ√щ ЄхъёЄ",
        "text": "╨рэфюьэ√щ ЄхъёЄ ╨рэфюьэ√щ ЄхъёЄ ╨рэфюьэ√щ ЄхъёЄ ╨рэфюьэ√щ ЄхъёЄ ╨рэфюьэ√щ ЄхъёЄ ╨рэфюьэ√щ ЄхъёЄ ╨рэфюьэ√щ ЄхъёЄ ╨рэфюьэ√щ ЄхъёЄ",
        "created_at": "2023-04-24T08:12:47.086Z",
        "updated_at": "2023-04-24T08:12:47.087Z",
        "is_published": true
    }
},
{
    "model": "main.post",
    "pk": 57,
    "fields": {
        "category": 2,
        "author": [
            "mishabur38@gmail.com"
        ],
        "title": "╨рэфюьэ√щ ЄхъёЄ",
        "text": "╨рэфюьэ√щ ЄхъёЄ ╨рэфюьэ√щ ЄхъёЄ ╨рэфюьэ√щ ЄхъёЄ ╨рэфюьэ√щ ЄхъёЄ ╨рэфюьэ√щ ЄхъёЄ ╨рэфюьэ√щ ЄхъёЄ ╨рэфюьэ√щ ЄхъёЄ ╨рэфюьэ√щ ЄхъёЄ",
        "created_at": "2023-04-24T08:12:48.882Z",
        "updated_at": "2023-04-24T08:12:48.882Z",
        "is_published": true
    }
},
{
    "model": "main.post",
    "pk": 58,
    "fields": {
        "category": 2,
        "author": [
            "mishabur38@gmail.com"
        ],
        "title": "╨рэфюьэ√щ ЄхъёЄ",
        "text": "╨рэфюьэ√щ ЄхъёЄ ╨рэфюьэ√щ ЄхъёЄ ╨рэфюьэ√щ ЄхъёЄ ╨рэфюьэ√щ ЄхъёЄ ╨рэфюьэ√щ ЄхъёЄ ╨рэфюьэ√щ ЄхъёЄ ╨рэфюьэ√щ ЄхъёЄ ╨рэфюьэ√щ ЄхъёЄ",
        "created_at": "2023-04-24T08:12:50.502Z",
        "updated_at": "2023-04-24T08:12:50.502Z",
        "is_published": true
    }
},
{
    "model": "main.post",
    "pk": 59,
    "fields": {
        "category": 2,
        "author": [
            "mishabur38@gmail.com"
        ],
        "title": "╨рэфюьэ√щ ЄхъёЄ",
        "text": "╨рэфюьэ√щ ЄхъёЄ ╨рэфюьэ√щ ЄхъёЄ ╨рэфюьэ√щ ЄхъёЄ ╨рэфюьэ√щ ЄхъёЄ ╨рэфюьэ√щ ЄхъёЄ ╨рэфюьэ√щ ЄхъёЄ ╨рэфюьэ√щ ЄхъёЄ ╨рэфюьэ√щ ЄхъёЄ",
        "created_at": "2023-04-24T08:12:52.244Z",
        "updated_at": "2023-04-24T08:12:52.244Z",
        "is_published": true
    }
},
{
    "model": "main.post",
    "pk": 60,
    "fields": {
        "category": 2,
        "author": [
            "mishabur38@gmail.com"
        ],
        "title": "╨рэфюьэ√щ ЄхъёЄ",
        "text": "╨рэфюьэ√щ ЄхъёЄ ╨рэфюьэ√щ ЄхъёЄ ╨рэфюьэ√щ ЄхъёЄ ╨рэфюьэ√щ ЄхъёЄ ╨рэфюьэ√щ ЄхъёЄ ╨рэфюьэ√щ ЄхъёЄ ╨рэфюьэ√щ ЄхъёЄ ╨рэфюьэ√щ ЄхъёЄ",
        "created_at": "2023-04-24T08:12:56.325Z",
        "updated_at": "2023-04-24T08:12:56.325Z",
        "is_published": true
    }
},
{
    "model": "main.post",
    "pk": 61,
    "fields": {
        "category": 2,
        "author": [
            "mishabur38@gmail.com"
        ],
        "title": "╨рэфюьэ√щ ЄхъёЄ",
        "text": "╨рэфюьэ√щ ЄхъёЄ ╨рэфюьэ√щ ЄхъёЄ ╨рэфюьэ√щ ЄхъёЄ ╨рэфюьэ√щ ЄхъёЄ ╨рэфюьэ√щ ЄхъёЄ ╨рэфюьэ√щ ЄхъёЄ ╨рэфюьэ√щ ЄхъёЄ ╨рэфюьэ√щ ЄхъёЄ",
        "created_at": "2023-04-24T08:12:58.351Z",
        "updated_at": "2023-04-24T08:12:58.351Z",
        "is_published": true
    }
},
{
    "model": "main.post",
    "pk": 62,
    "fields": {
        "category": 2,
        "author": [
            "mishabur38@gmail.com"
        ],
        "title": "╨рэфюьэ√щ ЄхъёЄ",
        "text": "╨рэфюьэ√щ ЄхъёЄ ╨рэфюьэ√щ ЄхъёЄ ╨рэфюьэ√щ ЄхъёЄ ╨рэфюьэ√щ ЄхъёЄ ╨рэфюьэ√щ ЄхъёЄ ╨рэфюьэ√щ ЄхъёЄ ╨рэфюьэ√щ ЄхъёЄ ╨рэфюьэ√щ ЄхъёЄ",
        "created_at": "2023-04-24T08:13:00.174Z",
        "updated_at": "2023-04-24T08:13:00.174Z",
        "is_published": true
    }
},
{
    "model": "main.post",
    "pk": 63,
    "fields": {
        "category": 2,
        "author": [
            "mishabur38@gmail.com"
        ],
        "title": "╨рэфюьэ√щ ЄхъёЄ",
        "text": "╨рэфюьэ√щ ЄхъёЄ ╨рэфюьэ√щ ЄхъёЄ ╨рэфюьэ√щ ЄхъёЄ ╨рэфюьэ√щ ЄхъёЄ ╨рэфюьэ√щ ЄхъёЄ ╨рэфюьэ√щ ЄхъёЄ ╨рэфюьэ√щ ЄхъёЄ ╨рэфюьэ√щ ЄхъёЄ",
        "created_at": "2023-04-24T08:13:03.450Z",
        "updated_at": "2023-04-24T08:13:03.450Z",
        "is_published": true
    }
},
{
    "model": "main.post",
    "pk": 64,
    "fields": {
        "category": 2,
        "author": [
            "mishabur38@gmail.com"
        ],
        "title": "mdbbm.,am.sb",
        "text": "badbml;asbaslbam",
        "created_at": "2023-04-27T14:10:07.121Z",
        "updated_at": "2023-04-27T14:10:07.121Z",
        "is_published": true
    }
},
{
    "model": "main.post",
    "pk": 65,
    "fields": {
        "category": 2,
        "author": [
            "mishabur38@gmail.com"
        ],
        "title": "b,;adb/a",
        "text": "bxmkbaskskkbsak;bkl;kl;",
        "created_at": "2023-04-27T14:10:30.855Z",
        "updated_at": "2023-04-27T14:10:30.855Z",
        "is_published": true
    }
}
]
